index,image_path,correct_answer,prediction,correct,answer
0,Datasets/4_comp/output_data/oa_os_nc_left_center_single_right_center_single_RAVEN_9961_train.png,D,E.**,False,"To solve this IQ test question, we need to carefully analyze the patterns in the 3x3 grid of shapes and determine the correct shape to fill the empty box in the bottom-right corner.

### Step-by-Step Analysis:

1. **Observe the Changes Across Rows:**
   - **First Row:** The shapes change from a hexagon to a circle to a square.
   - **Second Row:** The shapes change from a diamond to a pentagon to a hexagon.
   - **Third Row:** The shapes change from a pentagon to a circle to a hexagon.

2. **Observe the Changes Across Columns:**
   - **First Column:** The shapes change from a hexagon to a diamond to a pentagon.
   - **Second Column:** The shapes change from a circle to a pentagon to a circle.
   - **Third Column:** The shapes change from a square to a hexagon to a circle.

3. **Observe the Diagonals:**
   - **Top-left to Bottom-right Diagonal:** The shapes change from a hexagon to a pentagon to a circle.
   - **Top-right to Bottom-left Diagonal:** The shapes change from a square to a hexagon to a diamond.

4. **Identify Unique Features:**
   - The shapes include hexagons, circles, squares, diamonds, and pentagons.
   - The colors range from black to various shades of gray.

5. **Look for Common Patterns:**
   - There is no consistent rotation or mirroring pattern.
   - The shapes do not follow a strict color pattern.
   - The shapes seem to change in a somewhat random manner.

6. **Eliminate Incorrect Options:**
   - By examining the options A to H, we can see that some do not match the observed patterns in the grid.
   - Options that do not include a circle or pentagon can be eliminated.
   - Options that do not match the color scheme can also be eliminated.

### Conclusion:
After carefully analyzing the patterns and eliminating incorrect options, the correct answer is:

**The correct answer is: E.**"
1,Datasets/4_comp/output_data/oa_os_nc_distribute_nine_RAVEN_9972_train.png,C,B.**,False,"To solve this IQ test question, we need to carefully analyze the patterns in the 3x3 grid and deduce the correct shape that should be placed in the empty box marked with an 'x'.

### Step-by-Step Analysis:

1. **Observe the Changes Across Rows and Columns:**
   - **First Row:** The shapes vary in form and color. There is no immediate obvious pattern.
   - **Second Row:** The shapes are more consistent in form but vary in color and shading.
   - **Third Row:** Similar to the second row, shapes are consistent in form but vary in color and shading.

2. **Observe the Changes Across Diagonals:**
   - **Main Diagonal (Top Left to Bottom Right):** The shapes vary in form and color.
   - **Secondary Diagonal (Top Right to Bottom Left):** The shapes also vary in form and color.

3. **Identify Unique Features in the Shapes:**
   - The shapes include circles, squares, diamonds, and hexagons.
   - The colors range from white to various shades of gray.

4. **Look for Common Pattern Types:**
   - **Rotation:** There is no consistent rotation pattern.
   - **Mirroring:** There is no consistent mirroring pattern.
   - **Color Shades:** There is a gradient from white to darker shades of gray.
   - **Element Counting:** The number of sides or vertices does not follow a consistent pattern.

5. **Eliminate Options:**
   - **Option A:** Contains shapes with varying forms and colors, but not following a clear pattern.
   - **Option B:** Contains shapes with consistent forms but varying colors and shades.
   - **Option C:** Contains shapes with consistent forms and colors, but not following a clear pattern.
   - **Option D:** Contains shapes with consistent forms and colors, but not following a clear pattern.
   - **Option E:** Contains shapes with consistent forms and colors, but not following a clear pattern.
   - **Option F:** Contains shapes with consistent forms and colors, but not following a clear pattern.
   - **Option G:** Contains shapes with consistent forms and colors, but not following a clear pattern.
   - **Option H:** Contains shapes with consistent forms and colors, but not following a clear pattern.

### Conclusion:
After analyzing the patterns and eliminating options, the correct answer is:

**The correct answer is: B.**"
2,Datasets/4_comp/output_data/oa_os_nc_left_center_single_right_center_single_RAVEN_9999_test.png,B,H.**,False,"To solve this IQ test question, we need to carefully analyze the patterns in the 3x3 grid and deduce the correct shape for the empty box marked with an ""x.""

### Step-by-Step Analysis:

1. **Observe the Changes Across Rows:**
   - **First Row:** The shapes change from a circle to a triangle to a larger circle.
   - **Second Row:** The shapes change from a hexagon to a smaller hexagon to a larger hexagon.
   - **Third Row:** The shapes change from an inverted triangle to a larger inverted triangle to an ""X.""

2. **Observe the Changes Across Columns:**
   - **First Column:** The shapes change from a circle to a hexagon to an inverted triangle.
   - **Second Column:** The shapes change from a triangle to a smaller hexagon to a larger inverted triangle.
   - **Third Column:** The shapes change from a larger circle to a larger hexagon to a black triangle.

3. **Observe the Changes Across Diagonals:**
   - **First Diagonal:** The shapes change from a circle to a smaller hexagon to a larger inverted triangle.
   - **Second Diagonal:** The shapes change from a triangle to a larger circle to a black triangle.
   - **Third Diagonal:** The shapes change from a hexagon to a smaller hexagon to an ""X.""

4. **Identify Unique Features:**
   - The shapes include circles, triangles, hexagons, and an ""X.""
   - The shapes vary in size (small, medium, large).
   - Some shapes are filled (black), while others are not.

5. **Determine the Pattern:**
   - The pattern seems to involve a combination of shape changes, size variations, and color shifts.
   - Observing the third row, the shapes change from an inverted triangle to a larger inverted triangle to an ""X."" This suggests a pattern of increasing size and shape transformation.
   - Observing the third column, the shapes change from a larger circle to a larger hexagon to a black triangle. This suggests a pattern of increasing size and shape transformation.

6. **Eliminate Incorrect Options:**
   - **Option A:** Does not match the observed pattern.
   - **Option B:** Does not match the observed pattern.
   - **Option C:** Does not match the observed pattern.
   - **Option D:** Does not match the observed pattern.
   - **Option E:** Does not match the observed pattern.
   - **Option F:** Does not match the observed pattern.
   - **Option G:** Does not match the observed pattern.
   - **Option H:** Matches the observed pattern of increasing size and shape transformation.

### Conclusion:
The correct answer is:

**The correct answer is: H.**"
3,Datasets/4_comp/output_data/oa_os_nc_in_distribute_four_out_center_single_RAVEN_9960_train.png,C,"H.

```markdown
",False,"To solve this IQ test question, we need to carefully analyze the patterns in the 3x3 grid of shapes and deduce the rule that governs the transformation from one shape to the next. Here is the step-by-step reasoning:

1. **Observe the Changes Across Rows:**
   - First row: The shapes change from two circles at the top-left to a triangle at the center, and then to two circles at the bottom-right.
   - Second row: The shapes change from two circles at the top-left to two circles at the center, and then to a triangle at the bottom-right.
   - Third row: The shapes change from a triangle at the top-left to two circles at the center, and then to a triangle at the bottom-right.

2. **Observe the Changes Across Columns:**
   - First column: The shapes change from two circles to a triangle, and then to a pentagon with a triangle.
   - Second column: The shapes change from a triangle to two circles, and then to a pentagon with two circles.
   - Third column: The shapes change from a triangle to a triangle, and then to a pentagon with a triangle.

3. **Observe the Changes Across Diagonals:**
   - Main diagonal: The shapes change from two circles to two circles, and then to a triangle.
   - Off-diagonal: The shapes change from a triangle to a pentagon with a triangle, and then to a pentagon with two circles.

4. **Identify the Pattern:**
   - The shapes in the first row show a consistent pattern of two circles transforming into a triangle, and then back to two circles.
   - The shapes in the second row show a consistent pattern of two circles transforming into two circles, and then into a triangle.
   - The shapes in the third row show a consistent pattern of a triangle transforming into a triangle, and then into a pentagon with a triangle.

5. **Eliminate Incorrect Options:**
   - Options A, B, C, D, E, F, G, and H are provided. We need to eliminate those that do not match the observed patterns.
   - By examining the options, we can see that option H matches the pattern of two circles at the bottom-right, which is consistent with the transformations observed in the grid.

6. **Conclusion:**
   - The correct answer is: H.

```markdown
The correct answer is: H.
```"
4,Datasets/4_comp/output_data/oa_os_nc_distribute_four_RAVEN_9943_train.png,H,**H**.,False,"To solve this IQ test question, we need to carefully analyze the patterns in the shapes and their transformations. Let's break it down step-by-step:

1. **Observe the Changes Across Rows and Columns:**
   - **First Row:** The shapes transition from triangles to pentagons to circles.
   - **Second Row:** The shapes transition from filled triangles to outlined pentagons to filled circles.
   - **Third Row:** The shapes transition from filled triangles to outlined pentagons to filled circles.

2. **Identify the Patterns:**
   - **Shape Transformation:** The shapes change from triangles to pentagons to circles.
   - **Filling Pattern:** The shapes transition from filled to outlined to filled again.
   - **Color Shading:** The shading appears to be consistent within each shape type but varies slightly in intensity.

3. **Analyze the Unique Features:**
   - **Triangles:** Filled and outlined.
   - **Pentagons:** Filled and outlined.
   - **Circles:** Filled and outlined.
   - **Shading:** Light to dark gradient.

4. **Eliminate Incorrect Options:**
   - **Option A:** Contains squares and diamonds, not consistent with the triangle, pentagon, and circle pattern.
   - **Option B:** Contains squares and circles, not consistent with the triangle, pentagon, and circle pattern.
   - **Option C:** Contains circles and diamonds, not consistent with the triangle, pentagon, and circle pattern.
   - **Option D:** Contains squares and circles, not consistent with the triangle, pentagon, and circle pattern.
   - **Option E:** Contains squares and circles, not consistent with the triangle, pentagon, and circle pattern.
   - **Option F:** Contains squares and circles, not consistent with the triangle, pentagon, and circle pattern.
   - **Option G:** Contains squares and circles, not consistent with the triangle, pentagon, and circle pattern.

5. **Select the Correct Option:**
   - **Option H:** Contains triangles, pentagons, and circles, consistent with the observed pattern.

The correct answer is: **H**."
5,Datasets/4_comp/output_data/oa_os_nc_up_center_single_down_center_single_RAVEN_9997_val.png,C,**D**.,False,"To solve this IQ test question, we need to carefully analyze the patterns in the 3x3 grid and deduce the correct shape that should be placed in the empty box.

### Step-by-Step Analysis:

1. **Observation of Rows:**
   - **First Row:** The shapes are a circle, a gray circle, and a larger circle. The pattern here seems to be an increase in size.
   - **Second Row:** The shapes are a gray triangle, a gray square, and a gray pentagon. The pattern here seems to be a change in shape.
   - **Third Row:** The shapes are a gray square, a black hexagon, and a gray triangle. The pattern here seems to be a change in shape and color.

2. **Observation of Columns:**
   - **First Column:** The shapes are a black circle, a gray triangle, and a gray square. The pattern here seems to be a change in shape.
   - **Second Column:** The shapes are a gray circle, a gray pentagon, and a gray triangle. The pattern here seems to be a change in shape.
   - **Third Column:** The shapes are a black hexagon, a gray triangle, and a black hexagon. The pattern here seems to be a change in shape and color.

3. **Observation of Diagonals:**
   - **First Diagonal:** The shapes are a black circle, a gray pentagon, and a black hexagon. The pattern here seems to be a change in shape and color.
   - **Second Diagonal:** The shapes are a gray triangle, a gray square, and a black hexagon. The pattern here seems to be a change in shape and color.

### Identifying Patterns:
- **Shape Changes:** The shapes change from one type to another (circle to triangle to square, etc.).
- **Color Changes:** The shapes change from black to gray and vice versa.
- **Size Changes:** The sizes of the shapes change (small to large).

### Eliminating Options:
- **Options A, B, C, E, F, G, H:** These options do not match the observed patterns of shape, color, and size changes.

### Correct Option:
- **Option D:** This option shows a black hexagon, which matches the pattern observed in the third column and the second diagonal.

### Conclusion:
The correct answer is: **D**."
6,Datasets/4_comp/output_data/oa_os_nc_center_single_RAVEN_9978_test.png,F,**H**.,False,"To solve this IQ test question, we need to carefully analyze the patterns in the 3x3 grid and deduce the rule that governs the transformation of the shapes. Here are the steps to follow:

1. **Observe the Changes Across Rows:**
   - First Row: Triangle (white) -> Square (black) -> Pentagon (gray)
   - Second Row: Diamond (gray) -> Pentagon (white) -> Hexagon (black)
   - Third Row: Square (black) -> Pentagon (gray) -> Cross (gray)

2. **Observe the Changes Across Columns:**
   - First Column: Triangle (white) -> Diamond (gray) -> Square (black)
   - Second Column: Square (black) -> Pentagon (white) -> Pentagon (gray)
   - Third Column: Pentagon (gray) -> Hexagon (black) -> Cross (gray)

3. **Observe the Changes Across Diagonals:**
   - Main Diagonal: Triangle (white) -> Pentagon (white) -> Cross (gray)
   - Secondary Diagonal: Square (black) -> Pentagon (gray) -> Hexagon (black)

4. **Identify the Pattern:**
   - The shapes change from simple to complex (triangle to hexagon).
   - The colors shift from white to black to gray.
   - The shapes rotate or transform in a systematic way.

5. **Eliminate Options:**
   - Option A: A simple pentagon (does not fit the complexity pattern).
   - Option B: A filled pentagon (does not fit the color pattern).
   - Option C: A triangle (does not fit the complexity pattern).
   - Option D: An inverted triangle (does not fit the complexity pattern).
   - Option E: A small triangle (does not fit the complexity pattern).
   - Option F: A hexagon (fits the complexity pattern but not the color pattern).
   - Option G: An upright triangle (does not fit the complexity pattern).
   - Option H: A filled hexagon (fits both the complexity and color pattern).

6. **Select the Correct Answer:**
   - The correct answer is Option H, which is a filled hexagon, fitting both the complexity and color pattern observed in the grid.

### Conclusion:
The correct answer is: **H**."
7,Datasets/4_comp/output_data/oa_os_nc_in_center_single_out_center_single_RAVEN_9958_test.png,D,x**.,False,"To solve this IQ test question, we need to carefully analyze the patterns in the 3x3 grid and deduce the rule that governs the transformation of shapes. Let's break down the steps:

1. **Observation of the Grid:**
   - The grid consists of three rows and three columns with different shapes inside diamond and pentagon frames.
   - The bottom-right box is empty and marked with a symbol 'x'.

2. **Identifying Patterns:**
   - **First Row:** 
     - Shape 1: Circle inside a diamond
     - Shape 2: Triangle inside a diamond
     - Shape 3: Diamond inside a diamond
   - **Second Row:**
     - Shape 1: Inverted triangle inside a pentagon
     - Shape 2: Diamond inside a pentagon
     - Shape 3: Circle inside a pentagon
   - **Third Row:**
     - Shape 1: Diamond inside a pentagon
     - Shape 2: Circle inside a pentagon
     - Shape 3: Cross mark

3. **Analyzing Transformations:**
   - **Shape Changes:**
     - The shapes inside the diamonds and pentagons vary.
     - There is no consistent transformation in shape type (e.g., all shapes rotating or all shapes changing to another specific shape).
   - **Positional Changes:**
     - The position of the shapes within the frames (diamonds and pentagons) changes.
     - The shapes seem to be placed in different positions within the frames.

4. **Eliminating Options:**
   - **Options A, B, C, D, E, F, G, H:**
     - Options A, B, C, D, E, F, G, and H show pentagons with different shapes inside them.
     - Since the bottom-right box is empty, none of these options can be correct.

5. **Conclusion:**
   - The correct answer must be the one that fits the pattern of the empty box in the bottom-right corner.

Given the analysis, the correct answer is:

**The correct answer is: x**."
8,Datasets/4_comp/output_data/oa_os_nc_in_center_single_out_center_single_RAVEN_9959_test.png,E,G.,False,"To solve this IQ test question, we need to carefully analyze the patterns in the 3x3 grid of shapes. Let's break down the steps:

1. **Observe the Changes Across Each Row, Column, and Diagonals:**
   - **First Row:** The shapes are a pentagon with a triangle, a pentagon with a square, and a pentagon with a circle.
   - **Second Row:** The shapes are a diamond with a triangle, a diamond with a square, and a diamond with a circle.
   - **Third Row:** The shapes are a diamond with a triangle, a diamond with a square, and an empty box.

2. **Identify the Patterns:**
   - **Shape Transformation:** The shapes in the first column are pentagons in the first row and diamonds in the second and third rows. The shapes in the second column are pentagons in the first row and diamonds in the second and third rows. The shapes in the third column are pentagons in the first row and diamonds in the second and third rows.
   - **Inner Shape Transformation:** The inner shapes in the first column are a triangle, a square, and a triangle. The inner shapes in the second column are a square, a circle, and a square. The inner shapes in the third column are a circle, a triangle, and an empty box.

3. **Look for Common Pattern Types:**
   - **Shape Type:** The outer shape alternates between pentagons and diamonds.
   - **Inner Shape Type:** The inner shapes seem to follow a pattern where the first column has a triangle, the second column has a square, and the third column has a circle.

4. **Identify Unique Features:**
   - The first column has a triangle in the first and third rows.
   - The second column has a square in the first and third rows.
   - The third column has a circle in the first and second rows.

5. **Eliminate Options:**
   - **Options A, B, C, and H:** These options do not match the pattern of having a diamond shape with an inner triangle.
   - **Options D, E, and F:** These options do not match the pattern of having a diamond shape with an inner triangle.

6. **Select the Correct Answer:**
   - The correct answer is **G**, which matches the pattern of a diamond shape with an inner triangle.

**Conclusion:**
The correct answer is: G."
9,Datasets/4_comp/output_data/oa_os_nc_up_center_single_down_center_single_RAVEN_9962_train.png,A,**D**.,False,"To solve this IQ test question, we need to carefully analyze the patterns in the 3x3 grid and deduce the correct shape that should be placed in the bottom-right box marked with an 'x'.

### Step-by-Step Analysis:

1. **Observe the Changes Across Rows:**
   - **First Row:** The shapes are a large circle, a small circle, and a large triangle.
   - **Second Row:** The shapes are a large circle, a pentagon, and a triangle.
   - **Third Row:** The shapes are a small circle, a pentagon, and a triangle.

2. **Observe the Changes Across Columns:**
   - **First Column:** The shapes are a large circle, a large circle, and a small circle.
   - **Second Column:** The shapes are a pentagon, a pentagon, and a pentagon.
   - **Third Column:** The shapes are a triangle, a triangle, and a triangle.

3. **Observe the Changes Across Diagonals:**
   - **Main Diagonal:** The shapes are a large circle, a pentagon, and a triangle.
   - **Secondary Diagonal:** The shapes are a small circle, a pentagon, and a triangle.

4. **Identify Patterns:**
   - **Shape Transformation:** There is no clear transformation in shape from one cell to the next.
   - **Color Shading:** The shading of the shapes changes from light to dark.
   - **Size Variation:** The size of the shapes varies from small to large.

5. **Unique Features:**
   - The shapes include circles, pentagons, and triangles.
   - The shading varies from light to dark.
   - The size varies from small to large.

6. **Eliminate Incorrect Options:**
   - **Option A:** The shape is a triangle, which does not match the pattern of pentagons in the second column.
   - **Option B:** The shape is a diamond, which does not match the pattern of pentagons in the second column.
   - **Option C:** The shape is a triangle, which does not match the pattern of pentagons in the second column.
   - **Option D:** The shape is a pentagon, which matches the pattern of pentagons in the second column.
   - **Option E:** The shape is a diamond, which does not match the pattern of pentagons in the second column.
   - **Option F:** The shape is a diamond, which does not match the pattern of pentagons in the second column.
   - **Option G:** The shape is a diamond, which does not match the pattern of pentagons in the second column.
   - **Option H:** The shape is a triangle, which does not match the pattern of pentagons in the second column.

### Conclusion:
The correct answer is **Option D**, as it matches the pattern of pentagons in the second column.

The correct answer is: **D**."
10,Datasets/4_comp/output_data/oa_os_nc_in_distribute_four_out_center_single_RAVEN_9968_test.png,G,**G**.,False,"To solve this IQ test question, we need to carefully analyze the patterns in the 3x3 grid and deduce the correct shape that fits in the bottom-right box.

### Step-by-Step Analysis:

1. **Observe the Changes Across Each Row, Column, and Diagonals:**
   - **First Row:** The shapes are a triangle with circles, a triangle with squares, and a triangle with triangles.
   - **Second Row:** The shapes are a square with a small square, a square with a triangle, and a square with a circle.
   - **Third Row:** The shapes are a diamond with a triangle, a diamond with a circle, and a cross.

2. **Identify Common Patterns:**
   - **Shape Types:** The shapes are triangles, squares, diamonds, and a cross.
   - **Filling Elements:** The elements inside the shapes are circles, squares, and triangles.
   - **Arrangement:** There seems to be no consistent rotation or mirroring pattern.

3. **Unique Features in the Shapes:**
   - The bottom-right box is marked with a cross, which is unique compared to other shapes.

4. **Eliminate Options:**
   - **Options A, B, C, D, E:** These options have a diamond or triangle shape, which does not match the unique cross shape in the bottom-right box.
   - **Options F, G, H:** These options have a square shape with a small square inside, which matches the pattern of the second row.

5. **Select the Correct Shape:**
   - The correct answer should match the pattern of the second row, which has a square with a small square inside.

### Conclusion:
The correct answer is: **G**."
11,Datasets/4_comp/output_data/oa_os_nc_distribute_nine_RAVEN_9994_train.png,C,**E**.,False,"To solve this IQ test question, we need to carefully analyze the patterns in the matrix and deduce the correct shape that should replace the 'x' symbol in the bottom-right box.

### Step-by-Step Analysis:

1. **Observe the Changes Across Rows:**
   - First row: Triangles (downward) transitioning to pentagons and then to circles.
   - Second row: Triangles (downward) transitioning to pentagons and then to circles.
   - Third row: Triangles (downward) transitioning to pentagons and then to circles.

2. **Observe the Changes Across Columns:**
   - First column: Triangles (downward) transitioning to pentagons and then to circles.
   - Second column: Triangles (downward) transitioning to pentagons and then to circles.
   - Third column: Triangles (downward) transitioning to pentagons and then to circles.

3. **Observe the Changes Across Diagonals:**
   - Main diagonal (top-left to bottom-right): Triangles (downward) transitioning to pentagons and then to circles.
   - Secondary diagonal (top-right to bottom-left): Triangles (downward) transitioning to pentagons and then to circles.

4. **Identify the Pattern:**
   - The pattern involves a consistent transformation from downward triangles to pentagons and then to circles.
   - The transformation seems to follow a sequence where each shape is replaced by the next in the sequence.

5. **Apply the Pattern to the Missing Shape:**
   - The shape in the bottom-right box should follow the same sequence.
   - The shape in the third row, third column is a circle.
   - Therefore, the shape in the bottom-right box should be the next shape in the sequence after a circle.

6. **Eliminate Incorrect Options:**
   - Options A, B, C, and D do not fit the pattern of transitioning from circles to the next shape.
   - Options E, F, G, and H need to be checked for the correct shape.

7. **Select the Correct Answer:**
   - The correct shape following the sequence of downward triangles, pentagons, and circles is a pentagon.

### Conclusion:
The correct answer is: **E**."
12,Datasets/4_comp/output_data/oa_os_nc_distribute_four_RAVEN_9947_val.png,E,**F**.,False,"To solve this IQ test question, we need to carefully analyze the patterns in the shapes provided in the 3x3 grid. Here are the steps to deduce the correct answer:

1. **Observe the Changes Across Each Row, Column, and Diagonals:**
   - **First Row:** The shapes vary in type and color. There is no immediate pattern in terms of shape transformation.
   - **Second Row:** The shapes are more consistent in type but vary in color and size.
   - **Third Row:** The shapes are similar in type but vary in color and size.

2. **Look for Common Pattern Types:**
   - **Shape Type:** The shapes are primarily pentagons and triangles.
   - **Color Shades:** The colors range from light gray to dark gray.
   - **Size:** The sizes vary, with some shapes being larger or smaller than others.

3. **Identify Unique Features in the Shapes:**
   - The shapes are primarily pentagons and triangles.
   - The colors range from light gray to dark gray.
   - The sizes vary, with some shapes being larger or smaller than others.

4. **Eliminate Options That Clearly Do Not Match the Observed Patterns:**
   - **Option A:** All shapes are pentagons, but the colors and sizes do not match the pattern.
   - **Option B:** The shapes are consistent in type and color but do not match the pattern in size.
   - **Option C:** The shapes are consistent in type and size but do not match the pattern in color.
   - **Option D:** The shapes are consistent in type and color but do not match the pattern in size.
   - **Option E:** The shapes are consistent in type and size but do not match the pattern in color.
   - **Option F:** The shapes are consistent in type, color, and size, matching the pattern observed.
   - **Option G:** The shapes are consistent in type and color but do not match the pattern in size.
   - **Option H:** The shapes are consistent in type and size but do not match the pattern in color.

5. **Select the Correct Shape That Completes the Pattern:**
   - Based on the observations and eliminations, the correct answer is **Option F**, which matches the pattern in type, color, and size.

### Conclusion:
The correct answer is: **F**."
