index,image_path,correct_answer,prediction,correct,answer
0,Datasets/3_comp/output_data/oa_os_nc_left_center_single_right_center_single_RAVEN_9928_test.png,H,C,False,"To solve this intelligence test question, we need to analyze the patterns in the shapes across the rows and columns. Let's break down the patterns:

1. **First Row**: The shapes are a triangle, circle, pentagon, circle, triangle, and pentagon.
2. **Second Row**: The shapes are a pentagon, circle, circle, triangle, pentagon, and triangle.
3. **Third Row**: The shapes are a circle, triangle, pentagon, circle, triangle, and pentagon.

### Observations:
- **Shape Types**: The shapes include triangles, circles, and pentagons.
- **Shape Arrangement**: Each row has a mix of these shapes.

### Patterns:
- **First Column**: Circle, Pentagon, Circle.
- **Second Column**: Pentagon, Circle, Triangle.
- **Third Column**: Triangle, Pentagon, Triangle.
- **Fourth Column**: Circle, Triangle, Pentagon.
- **Fifth Column**: Pentagon, Circle, Pentagon.
- **Sixth Column**: Triangle, Pentagon, Triangle.
- **Seventh Column**: Pentagon, Pentagon, Pentagon.
- **Eighth Column**: Triangle, Triangle, Triangle.
- **Ninth Column**: Pentagon, Pentagon, Pentagon.

### Analysis:
- **First Row**: The pattern alternates between shapes.
- **Second Row**: The pattern alternates between shapes.
- **Third Row**: The pattern alternates between shapes.

Given the empty box is in the third row and fourth column, we need to determine which shape fits the pattern. The third row has a mix of shapes, and the fourth column has a mix of shapes. The pattern alternates between shapes.

### Conclusion:
The correct answer is the shape that fits the alternating pattern in the third row and fourth column.

The correct answer is: **C**."
1,Datasets/3_comp/output_data/oa_os_nc_distribute_nine_RAVEN_9974_train.png,G,E,False,"To solve this puzzle, we need to analyze the pattern in the grid. The shapes in the grid are arranged in a specific sequence, and we need to determine the rule governing this sequence.

1. **Identify the shapes in the grid:**
   - Top row: Circle, Circle, Triangle
   - Middle row: Circle, Circle, Triangle
   - Bottom row: Circle, Circle, Triangle

2. **Observe the sequence:**
   - The sequence alternates between circles and triangles.
   - The sequence also alternates between filled and empty shapes.

3. **Determine the pattern:**
   - The sequence follows a pattern of filled circle, empty circle, filled triangle, empty triangle.
   - This pattern repeats across the rows.

4. **Apply the pattern to the empty box:**
   - The empty box is in the bottom row, third column.
   - According to the pattern, the third column should have a filled triangle.

5. **Match the pattern with the options:**
   - Option A: Circle
   - Option B: Circle
   - Option C: Circle
   - Option D: Circle
   - Option E: Triangle
   - Option F: Triangle

6. **Select the correct option:**
   - The correct shape to fill the empty box is a filled triangle.

The correct answer is: E
"
2,Datasets/3_comp/output_data/oa_os_nc_in_distribute_four_out_center_single_RAVEN_9998_test.png,C,C,True,"To solve this puzzle, we need to identify the pattern that connects the shapes in the 3x3 grid. Let's analyze the shapes and their positions step-by-step.

1. **Identify the shapes in the grid:**
   - Top row: Pentagon, Pentagon with two shapes, Pentagon with one shape.
   - Middle row: Circle with three shapes, Circle with one shape, Circle with two shapes.
   - Bottom row: Pentagon with two shapes, Pentagon with one shape, Cross mark.

2. **Determine the pattern:**
   - The shapes in the grid are pentagons, circles, and a cross mark.
   - The arrangement of shapes within the pentagons and circles varies.

3. **Analyze the options:**
   - A: Pentagon with two shapes.
   - B: Triangle with two shapes.
   - C: Pentagon with one shape.
   - D: Pentagon.
   - E: Triangle with one shape.
   - F: Pentagon with one shape.

4. **Match the pattern:**
   - The pattern seems to involve pentagons and circles with varying numbers of shapes inside.
   - The cross mark could be an outlier or a placeholder.

Given the pattern of pentagons and circles with varying numbers of shapes inside, the correct answer should be a pentagon with one shape inside, as it fits the pattern seen in the grid.

The correct answer is: C"
3,Datasets/3_comp/output_data/oa_os_nc_in_distribute_four_out_center_single_RAVEN_9999_test.png,F,D,False,"To solve this puzzle, we need to identify the pattern that connects the shapes in the 3x3 grid. Let's analyze the shapes and their positions:

1. **Top Row**: Circle, Hexagon, Triangle
2. **Middle Row**: Hexagon, Triangle, Circle
3. **Bottom Row**: Triangle, Circle, Hexagon

Each shape appears in each row exactly once. The pattern seems to be a rotation of the shapes in a cyclic manner.

Next, let's look at the shapes in the hexagon boxes in the bottom row of options (A to F):

- **A**: One circle at the bottom
- **B**: One circle at the bottom
- **C**: One circle at the bottom
- **D**: One circle at the bottom
- **E**: Two circles at the bottom
- **F**: Two circles at the bottom

Given the pattern in the 3x3 grid, the shapes in the hexagon boxes should follow a consistent pattern. Observing the bottom row of the grid, the hexagon contains a single circle at the bottom. This pattern is consistent with options A, B, C, and D.

Since the empty box in the grid is a hexagon, we need to find the option that fits the pattern of having a single circle at the bottom. Therefore, the correct answer is:

The correct answer is: **D**.
"
4,Datasets/3_comp/output_data/oa_os_nc_center_single_RAVEN_9887_val.png,C,D,False,"To solve this puzzle, we need to analyze the pattern in the 3x3 grid. The shapes in the grid are arranged in a specific sequence, and we need to identify the rule governing this sequence.

Let's examine the shapes in the grid:

1. Top row: Hexagon, Circle, Triangle
2. Middle row: Circle, Triangle, Hexagon
3. Bottom row: Triangle, Hexagon, Circle

Now, let's look at the shapes in the columns:

1. First column: Circle, Circle, Circle
2. Second column: Hexagon, Triangle, Square
3. Third column: Triangle, Square, Square

We can see that each column has a different shape, and the rows alternate between three shapes: Circle, Triangle, and Hexagon.

Next, let's look at the options provided:

A. Circle
B. Hexagon
C. Large Circle
D. Square
E. Small Square
F. Large Square

Given the pattern in the grid, we need to find a shape that fits the sequence. The sequence in the rows alternates between Circle, Triangle, and Hexagon. The sequence in the columns alternates between different shapes.

The empty box is in the third column and second row. The shapes in the third column are Triangle, Square, and Square. The shape in the second row of the third column is a Square.

Therefore, the correct shape to fill the empty box is a Square.

The correct answer is: D"
5,Datasets/3_comp/output_data/oa_os_nc_up_center_single_down_center_single_RAVEN_9973_train.png,E,C,False,"To solve this puzzle, we need to analyze the patterns in the grid. The grid consists of shapes arranged in a 3x3 matrix, with one empty space marked by a question mark (?). The goal is to identify the pattern and fill the empty space with the correct shape from the options provided.

Let's break down the patterns:

1. **First Row**: The shapes are a diamond, a square, and a circle.
2. **Second Row**: The shapes are an inverted triangle, a square, and a triangle.
3. **Third Row**: The shapes are a circle, an inverted triangle, and a cross.

To determine the pattern, we need to look at the shapes' transformations from one row to the next. The key is to identify the relationship between the shapes in the rows and columns.

Upon examining the grid, we notice that each shape in the first column is a circle. The second column contains squares, and the third column contains triangles. The rows also show a pattern where the shapes transition from one type to another.

Given this, the pattern seems to be a rotation or transformation of shapes. The correct shape to fill the empty box should follow this pattern.

Looking at the options provided (A to F), we need to find the shape that fits the pattern:

- **A**: Circle
- **B**: Square
- **C**: Square
- **D**: Triangle
- **E**: Circle
- **F**: Circle

The pattern in the grid suggests that the empty space should be filled with a shape that follows the sequence of shapes in the columns. The first column has circles, the second column has squares, and the third column has triangles. Following this pattern, the empty space should be filled with a square.

Therefore, the correct answer is:

The correct answer is: C"
6,Datasets/3_comp/output_data/oa_os_nc_left_center_single_right_center_single_RAVEN_9924_train.png,C,C,False,"To solve this puzzle, we need to identify the pattern that connects the shapes in the grid. Let's analyze each row and column step-by-step.

### Top Row Analysis:
- Shapes: Triangle, Hexagon, Pentagon, Circle, Pentagon, Circle, Diamond
- Observations: The shapes alternate between different types and colors.

### Middle Row Analysis:
- Shapes: Pentagon, Circle, Pentagon, Hexagon, Circle, Pentagon, Hexagon
- Observations: The shapes alternate between different types and colors.

### Bottom Row Analysis:
- Shapes: Pentagon, Circle, Pentagon, Hexagon, Circle, Pentagon, Hexagon
- Observations: The shapes alternate between different types and colors.

### Column Analysis:
- First Column:
  - Top: Triangle
  - Middle: Pentagon
  - Bottom: Pentagon
  - Observation: The shapes alternate between different types and colors.

- Second Column:
  - Top: Hexagon
  - Middle: Circle
  - Bottom: Circle
  - Observation: The shapes alternate between different types and colors.

- Third Column:
  - Top: Pentagon
  - Middle: Hexagon
  - Bottom: Hexagon
  - Observation: The shapes alternate between different types and colors.

### General Pattern:
- The shapes alternate between different types and colors.
- The pattern seems to involve alternating shapes and colors.

### Filling the Empty Box:
- The empty box is in the third column, second row.
- The shape above it is a Pentagon.
- The shape below it is a Hexagon.
- The shape to the left is a Pentagon.
- The shape to the right is a Hexagon.

Given the alternating pattern, the shape that fits the empty box should be a Circle.

### Conclusion:
The correct answer is: C
"
7,Datasets/3_comp/output_data/oa_os_nc_distribute_four_RAVEN_9894_train.png,G,B,False,"To solve this puzzle, we need to identify the pattern that connects the shapes in the 3x3 grid. Let's analyze the shapes in each box:

1. Top-left box: Hexagon
2. Top-middle box: Square
3. Top-right box: Pentagon
4. Middle-left box: Hexagon
5. Middle-middle box: Pentagon
6. Middle-right box: Hexagon
7. Bottom-left box: Circle
8. Bottom-middle box: Pentagon
9. Bottom-right box: Hexagon

Now, let's look at the options provided (A to F):

- A: Circle, Circle, Pentagon
- B: Pentagon, Hexagon, Circle
- C: Pentagon, Circle, Pentagon
- D: Circle, Pentagon, Pentagon
- E: Pentagon, Pentagon, Pentagon
- F: Circle, Pentagon, Pentagon

To determine the correct pattern, we need to identify the shape that logically follows the sequence of shapes in the grid. The shapes alternate between different types (hexagon, square, pentagon, circle) in a specific order.

Observing the sequence:
- The top row has a hexagon, square, and pentagon.
- The middle row has a hexagon, pentagon, and hexagon.
- The bottom row has a circle, pentagon, and hexagon.

The pattern seems to alternate between different shapes, and the empty box is in the middle-right position. The shape in the middle-left position is a hexagon, and the shape in the middle-right position is a pentagon. Therefore, the shape that should be in the empty box should follow the pattern.

Given the sequence, the next shape in the pattern should be a hexagon.

Thus, the correct answer is:

The correct answer is: B"
8,Datasets/3_comp/output_data/oa_os_nc_up_center_single_down_center_single_RAVEN_9967_val.png,H,D,False,"To solve this puzzle, we need to identify the pattern that connects the shapes in the grid. Let's analyze the grid row by row:

1. **First Row**:
   - Shapes: Circle, Circle, Circle
   - Pattern: All circles are shaded.

2. **Second Row**:
   - Shapes: Circle, Pentagon, Triangle
   - Pattern: The shapes are different but all are shaded.

3. **Third Row**:
   - Shapes: Circle, Pentagon, Triangle
   - Pattern: The shapes are different but all are shaded.

4. **Fourth Row**:
   - Shapes: Circle, Pentagon, Triangle
   - Pattern: The shapes are different but all are shaded.

5. **Fifth Row**:
   - Shapes: Circle, Pentagon, Triangle
   - Pattern: The shapes are different but all are shaded.

6. **Sixth Row**:
   - Shapes: Pentagon, Pentagon, Pentagon
   - Pattern: All pentagons are shaded.

7. **Seventh Row**:
   - Shapes: Pentagon, Pentagon, Pentagon
   - Pattern: All pentagons are shaded.

8. **Eighth Row**:
   - Shapes: Pentagon, Pentagon, Pentagon
   - Pattern: All pentagons are shaded.

9. **Ninth Row**:
   - Shapes: Pentagon, Pentagon, Pentagon
   - Pattern: All pentagons are shaded.

From the analysis, we can see that the pattern involves the shapes being shaded. The empty box in the grid is in the second row, third column. The shapes in the second row are Circle, Pentagon, and Triangle. The third column in the second row is a Triangle.

To complete the pattern, we need to find a shape that is shaded and matches the pattern in the second row. The options provided are:
- A: Shaded Circle
- B: Shaded Pentagon
- C: Shaded Pentagon
- D: Shaded Triangle
- E: Shaded Pentagon
- F: Shaded Pentagon

The correct answer is the shape that matches the pattern of shaded shapes in the second row, which is a Triangle.

The correct answer is: D
"
9,Datasets/3_comp/output_data/oa_os_nc_in_center_single_out_center_single_RAVEN_9955_train.png,C,E,False,"To solve this puzzle, we need to identify the pattern that connects the shapes in the 3x3 grid. Let's analyze the shapes in the grid:

1. Top row: Circle, Pentagon, Triangle
2. Middle row: Circle, Pentagon, Triangle
3. Bottom row: Circle, Pentagon, Triangle

Now, let's examine the shapes inside each container:

1. Top-left: Pentagon inside Circle
2. Top-middle: Pentagon inside Pentagon
3. Top-right: Pentagon inside Triangle
4. Middle-left: Triangle inside Circle
5. Middle-middle: Pentagon inside Pentagon
6. Middle-right: Pentagon inside Triangle
7. Bottom-left: Pentagon inside Circle
8. Bottom-middle: Pentagon inside Pentagon
9. Bottom-right: Pentagon inside Triangle

Next, let's look at the shapes in the empty box options (A to F):

- A: Triangle inside Triangle
- B: Square inside Triangle
- C: Triangle inside Triangle
- D: Triangle inside Triangle
- E: Square inside Triangle
- F: Square inside Triangle

To determine the correct answer, we need to identify the pattern that connects the shapes. The pattern seems to be the shape inside the container. Observing the grid, we see that the shapes inside the containers are all Pentagons. Therefore, the correct answer should be a shape with a Pentagon inside.

Looking at the options:

- A: Triangle inside Triangle
- B: Square inside Triangle
- C: Triangle inside Triangle
- D: Triangle inside Triangle
- E: Square inside Triangle
- F: Square inside Triangle

None of the options have a Pentagon inside the container. However, the pattern of the shape inside the container being a Pentagon is consistent. Therefore, the correct answer should be a shape with a Pentagon inside.

The correct answer is: E

The correct answer is: E"
10,Datasets/3_comp/output_data/oa_os_nc_center_single_RAVEN_9876_val.png,D,D,False,"To solve this puzzle, we need to identify the pattern that connects the shapes in the 3x3 grid. Let's analyze the shapes step-by-step:

1. **Identify the shapes in the grid:**
   - Top row: Circle, Hexagon, Pentagon
   - Middle row: Hexagon, Pentagon, Square
   - Bottom row: Circle, Pentagon, Hexagon

2. **Determine the pattern:**
   - The shapes alternate between circles, hexagons, and pentagons horizontally.
   - The shapes alternate between hexagons, pentagons, and squares vertically.

3. **Analyze the empty box:**
   - The empty box is in the middle of the grid.
   - The shape above it is a hexagon.
   - The shape to the left of it is a pentagon.
   - The shape to the right of it is a hexagon.

4. **Identify the correct shape:**
   - The shape above the empty box is a hexagon.
   - The shape to the left of the empty box is a pentagon.
   - The shape to the right of the empty box is a hexagon.

Given these observations, the correct shape to fill the empty box should be a pentagon, as it follows the pattern of alternating shapes.

The correct answer is: D

**Final Answer:** The correct answer is: D"
11,Datasets/3_comp/output_data/oa_os_nc_distribute_four_RAVEN_9897_val.png,E,B,False,"To solve this puzzle, we need to identify the pattern that connects the shapes in the grid. Let's analyze the shapes in each box:

1. **Top Row**: The shapes are a hexagon, a pentagon, and a circle.
2. **Middle Row**: The shapes are a pentagon, a triangle, and a hexagon.
3. **Bottom Row**: The shapes are a hexagon, a pentagon, and a circle.

Now, let's look at the options A to F:

- **A**: Hexagon
- **B**: Pentagon
- **C**: Circle
- **D**: Triangle
- **E**: Square
- **F**: Hexagon

To determine the pattern, we need to observe the transitions between the shapes in the grid:

- From the top row to the middle row:
  - Hexagon (top left) to Pentagon (middle left)
  - Pentagon (top middle) to Triangle (middle middle)
  - Circle (top right) to Hexagon (middle right)

- From the middle row to the bottom row:
  - Pentagon (middle left) to Hexagon (bottom left)
  - Triangle (middle middle) to Pentagon (bottom middle)
  - Hexagon (middle right) to Circle (bottom right)

The pattern seems to involve alternating between different shapes, possibly focusing on the number of sides or the type of shape.

Given the options, the correct shape to fill the empty box should be a shape that fits the pattern of alternating between different shapes. The empty box is in the middle row, second column, which currently has a Triangle. The shape to the left is a Pentagon, and the shape to the right is a Hexagon.

Considering the pattern, the next shape in the sequence should be a Pentagon (as it alternates with the Triangle).

Therefore, the correct answer is:

The correct answer is: B"
12,Datasets/3_comp/output_data/oa_os_nc_in_center_single_out_center_single_RAVEN_9967_val.png,F,A,False,"To solve this puzzle, we need to identify the pattern that connects the shapes in the 3x3 grid. Let's analyze the shapes step-by-step:

1. **Top Row**: The shapes are a hexagon, a pentagon, and a square, each containing a pentagon, square, and pentagon respectively.
2. **Middle Row**: The shapes are a pentagon, a square, and a triangle, each containing a square, square, and triangle respectively.
3. **Bottom Row**: The shapes are a hexagon, a pentagon, and an 'X' mark, each containing a circle, circle, and an 'X' respectively.

From this analysis, we can see that the shapes in the boxes are related to the shapes containing them. Specifically, the shapes containing the smaller shapes are:
- Top row: pentagon, square, pentagon
- Middle row: square, square, triangle
- Bottom row: circle, circle, 'X'

The pattern seems to be that the shape containing the smaller shape is consistent within each row. Let's look at the options A to F to find a match:

- **A**: Triangle with a circle
- **B**: Triangle with a circle
- **C**: Triangle with a circle
- **D**: Square with a circle
- **E**: Square with a circle
- **F**: Square with a circle
- **G**: Rectangle with a circle
- **H**: Triangle with a circle

Given the pattern, the correct shape to fill the empty box should be a triangle with a circle, as it matches the pattern of the shapes containing the smaller shapes.

The correct answer is: **A**."
